filename, language, JSON, Markdown, JavaScript, CSS, XML, SCSS, HTML, JavaScript React, comment, blank, total
c:\Users\gmont\Documents\seknd\README.md, Markdown, 0, 37, 0, 0, 0, 0, 0, 0, 0, 32, 69
c:\Users\gmont\Documents\seknd\config\env.js, JavaScript, 0, 0, 55, 0, 0, 0, 0, 0, 28, 11, 94
c:\Users\gmont\Documents\seknd\config\jest\cssTransform.js, JavaScript, 0, 0, 9, 0, 0, 0, 0, 0, 3, 3, 15
c:\Users\gmont\Documents\seknd\config\jest\fileTransform.js, JavaScript, 0, 0, 31, 0, 0, 0, 0, 0, 4, 6, 41
c:\Users\gmont\Documents\seknd\config\modules.js, JavaScript, 0, 0, 81, 0, 0, 0, 0, 0, 35, 26, 142
c:\Users\gmont\Documents\seknd\config\paths.js, JavaScript, 0, 0, 66, 0, 0, 0, 0, 0, 10, 15, 91
c:\Users\gmont\Documents\seknd\config\pnpTs.js, JavaScript, 0, 0, 32, 0, 0, 0, 0, 0, 0, 4, 36
c:\Users\gmont\Documents\seknd\config\webpack.config.js, JavaScript, 0, 0, 444, 0, 0, 0, 0, 0, 212, 18, 674
c:\Users\gmont\Documents\seknd\config\webpackDevServer.config.js, JavaScript, 0, 0, 43, 0, 0, 0, 0, 0, 62, 6, 111
c:\Users\gmont\Documents\seknd\package-lock.json, JSON, 15773, 0, 0, 0, 0, 0, 0, 0, 0, 1, 15774
c:\Users\gmont\Documents\seknd\package.json, JSON, 154, 0, 0, 0, 0, 0, 0, 0, 0, 1, 155
c:\Users\gmont\Documents\seknd\public\index.css, CSS, 0, 0, 0, 16, 0, 0, 0, 0, 0, 3, 19
c:\Users\gmont\Documents\seknd\public\index.html, HTML, 0, 0, 0, 0, 0, 0, 21, 0, 23, 1, 45
c:\Users\gmont\Documents\seknd\public\manifest.json, JSON, 25, 0, 0, 0, 0, 0, 0, 0, 0, 1, 26
c:\Users\gmont\Documents\seknd\scripts\build.js, JavaScript, 0, 0, 167, 0, 0, 0, 0, 0, 23, 22, 212
c:\Users\gmont\Documents\seknd\scripts\start.js, JavaScript, 0, 0, 115, 0, 0, 0, 0, 0, 19, 14, 148
c:\Users\gmont\Documents\seknd\scripts\test.js, JavaScript, 0, 0, 36, 0, 0, 0, 0, 0, 7, 11, 54
c:\Users\gmont\Documents\seknd\src\API Calls\EventCategories.js, JavaScript, 0, 0, 32, 0, 0, 0, 0, 0, 0, 2, 34
c:\Users\gmont\Documents\seknd\src\API Calls\EventsCallNew.js, JavaScript, 0, 0, 125, 0, 0, 0, 0, 0, 0, 4, 129
c:\Users\gmont\Documents\seknd\src\API Calls\PlacesCallNew.js, JavaScript, 0, 0, 44, 0, 0, 0, 0, 0, 0, 5, 49
c:\Users\gmont\Documents\seknd\src\API Calls\eventcategories.json, JSON, 44, 0, 0, 0, 0, 0, 0, 0, 0, 1, 45
c:\Users\gmont\Documents\seknd\src\API Calls\index.js, JavaScript, 0, 0, 2, 0, 0, 0, 0, 0, 0, 1, 3
c:\Users\gmont\Documents\seknd\src\App.css, CSS, 0, 0, 0, 18, 0, 0, 0, 0, 1, 3, 22
c:\Users\gmont\Documents\seknd\src\App.js, JavaScript, 0, 0, 50, 0, 0, 0, 0, 0, 2, 5, 57
c:\Users\gmont\Documents\seknd\src\App.scss, SCSS, 0, 0, 0, 0, 0, 13, 0, 0, 0, 3, 16
c:\Users\gmont\Documents\seknd\src\assets\Asset3.svg, XML, 0, 0, 0, 0, 1, 0, 0, 0, 0, 0, 1
c:\Users\gmont\Documents\seknd\src\assets\Logo.js, JavaScript, 0, 0, 0, 0, 0, 0, 0, 0, 0, 2, 2
c:\Users\gmont\Documents\seknd\src\assets\cocktail.svg, XML, 0, 0, 0, 0, 1, 0, 0, 0, 0, 0, 1
c:\Users\gmont\Documents\seknd\src\assets\dj.svg, XML, 0, 0, 0, 0, 1, 0, 0, 0, 0, 0, 1
c:\Users\gmont\Documents\seknd\src\assets\index.js, JavaScript, 0, 0, 0, 0, 0, 0, 0, 0, 0, 1, 1
c:\Users\gmont\Documents\seknd\src\assets\right-arrow.svg, XML, 0, 0, 0, 0, 9, 0, 0, 0, 1, 3, 13
c:\Users\gmont\Documents\seknd\src\components\About\About.css, CSS, 0, 0, 0, 10, 0, 0, 0, 0, 1, 0, 11
c:\Users\gmont\Documents\seknd\src\components\About\About.jsx, JavaScript React, 0, 0, 0, 0, 0, 0, 0, 6, 0, 3, 9
c:\Users\gmont\Documents\seknd\src\components\About\About.scss, SCSS, 0, 0, 0, 0, 0, 10, 0, 0, 0, 1, 11
c:\Users\gmont\Documents\seknd\src\components\About\index.js, JavaScript, 0, 0, 1, 0, 0, 0, 0, 0, 0, 1, 2
c:\Users\gmont\Documents\seknd\src\components\Contact\Contact.css, CSS, 0, 0, 0, 10, 0, 0, 0, 0, 1, 0, 11
c:\Users\gmont\Documents\seknd\src\components\Contact\Contact.jsx, JavaScript React, 0, 0, 0, 0, 0, 0, 0, 6, 0, 3, 9
c:\Users\gmont\Documents\seknd\src\components\Contact\Contact.scss, SCSS, 0, 0, 0, 0, 0, 10, 0, 0, 0, 1, 11
c:\Users\gmont\Documents\seknd\src\components\Contact\index.js, JavaScript, 0, 0, 1, 0, 0, 0, 0, 0, 0, 1, 2
c:\Users\gmont\Documents\seknd\src\components\Date-Parts-Piece\DatePartsPiece.css, CSS, 0, 0, 0, 4, 0, 0, 0, 0, 1, 0, 5
c:\Users\gmont\Documents\seknd\src\components\Date-Parts-Piece\DatePartsPiece.jsx, JavaScript React, 0, 0, 0, 0, 0, 0, 0, 13, 0, 3, 16
c:\Users\gmont\Documents\seknd\src\components\Date-Parts-Piece\DatePartsPiece.scss, SCSS, 0, 0, 0, 0, 0, 8, 0, 0, 0, 2, 10
c:\Users\gmont\Documents\seknd\src\components\Date-Parts-Piece\index.js, JavaScript, 0, 0, 1, 0, 0, 0, 0, 0, 0, 1, 2
c:\Users\gmont\Documents\seknd\src\components\Date-Parts\DateParts.css, CSS, 0, 0, 0, 49, 0, 0, 0, 0, 1, 5, 55
c:\Users\gmont\Documents\seknd\src\components\Date-Parts\DateParts.jsx, JavaScript React, 0, 0, 0, 0, 0, 0, 0, 57, 0, 8, 65
c:\Users\gmont\Documents\seknd\src\components\Date-Parts\DateParts.scss, SCSS, 0, 0, 0, 0, 0, 46, 0, 0, 0, 6, 52
c:\Users\gmont\Documents\seknd\src\components\Date-Parts\index.js, JavaScript, 0, 0, 1, 0, 0, 0, 0, 0, 0, 1, 2
c:\Users\gmont\Documents\seknd\src\components\EventsSearch\EventsSearch.css, CSS, 0, 0, 0, 27, 0, 0, 0, 0, 1, 3, 31
c:\Users\gmont\Documents\seknd\src\components\EventsSearch\EventsSearch.jsx, JavaScript React, 0, 0, 0, 0, 0, 0, 0, 43, 0, 8, 51
c:\Users\gmont\Documents\seknd\src\components\EventsSearch\EventsSearch.scss, SCSS, 0, 0, 0, 0, 0, 22, 0, 0, 0, 1, 23
c:\Users\gmont\Documents\seknd\src\components\EventsSearch\Logic\index.js, JavaScript, 0, 0, 1, 0, 0, 0, 0, 0, 0, 1, 2
c:\Users\gmont\Documents\seknd\src\components\EventsSearch\Logic\setCategories.js, JavaScript, 0, 0, 40, 0, 0, 0, 0, 0, 0, 2, 42
c:\Users\gmont\Documents\seknd\src\components\EventsSearch\index.js, JavaScript, 0, 0, 1, 0, 0, 0, 0, 0, 0, 1, 2
c:\Users\gmont\Documents\seknd\src\components\Footer\Footer.css, CSS, 0, 0, 0, 19, 0, 0, 0, 0, 1, 2, 22
c:\Users\gmont\Documents\seknd\src\components\Footer\Footer.jsx, JavaScript React, 0, 0, 0, 0, 0, 0, 0, 17, 0, 3, 20
c:\Users\gmont\Documents\seknd\src\components\Footer\Footer.scss, SCSS, 0, 0, 0, 0, 0, 15, 0, 0, 0, 2, 17
c:\Users\gmont\Documents\seknd\src\components\Footer\index.js, JavaScript, 0, 0, 1, 0, 0, 0, 0, 0, 0, 1, 2
c:\Users\gmont\Documents\seknd\src\components\Header\Header.css, CSS, 0, 0, 0, 78, 0, 0, 0, 0, 1, 8, 87
c:\Users\gmont\Documents\seknd\src\components\Header\Header.jsx, JavaScript React, 0, 0, 0, 0, 0, 0, 0, 22, 0, 3, 25
c:\Users\gmont\Documents\seknd\src\components\Header\Header.scss, SCSS, 0, 0, 0, 0, 0, 65, 0, 0, 0, 7, 72
c:\Users\gmont\Documents\seknd\src\components\Header\index.js, JavaScript, 0, 0, 1, 0, 0, 0, 0, 0, 0, 1, 2
c:\Users\gmont\Documents\seknd\src\components\Home\Home.css, CSS, 0, 0, 0, 72, 0, 0, 0, 0, 1, 7, 80
c:\Users\gmont\Documents\seknd\src\components\Home\Home.jsx, JavaScript React, 0, 0, 0, 0, 0, 0, 0, 30, 0, 6, 36
c:\Users\gmont\Documents\seknd\src\components\Home\Home.scss, SCSS, 0, 0, 0, 0, 0, 59, 0, 0, 0, 7, 66
c:\Users\gmont\Documents\seknd\src\components\Home\index.js, JavaScript, 0, 0, 1, 0, 0, 0, 0, 0, 0, 1, 2
c:\Users\gmont\Documents\seknd\src\components\Nav\Nav.css, CSS, 0, 0, 0, 47, 0, 0, 0, 0, 1, 6, 54
c:\Users\gmont\Documents\seknd\src\components\Nav\Nav.jsx, JavaScript React, 0, 0, 0, 0, 0, 0, 0, 34, 0, 4, 38
c:\Users\gmont\Documents\seknd\src\components\Nav\Nav.scss, SCSS, 0, 0, 0, 0, 0, 43, 0, 0, 0, 4, 47
c:\Users\gmont\Documents\seknd\src\components\Nav\index.js, JavaScript, 0, 0, 1, 0, 0, 0, 0, 0, 0, 1, 2
c:\Users\gmont\Documents\seknd\src\components\PlacesSearch\PlacesSearch.css, CSS, 0, 0, 0, 31, 0, 0, 0, 0, 1, 3, 35
c:\Users\gmont\Documents\seknd\src\components\PlacesSearch\PlacesSearch.jsx, JavaScript React, 0, 0, 0, 0, 0, 0, 0, 28, 0, 5, 33
c:\Users\gmont\Documents\seknd\src\components\PlacesSearch\PlacesSearch.scss, SCSS, 0, 0, 0, 0, 0, 26, 0, 0, 0, 1, 27
c:\Users\gmont\Documents\seknd\src\components\PlacesSearch\index.js, JavaScript, 0, 0, 1, 0, 0, 0, 0, 0, 0, 1, 2
c:\Users\gmont\Documents\seknd\src\components\Scheduler-Grid-Square\Scheduler-Grid-Square.css, CSS, 0, 0, 0, 1, 0, 0, 0, 0, 0, 0, 1
c:\Users\gmont\Documents\seknd\src\components\Scheduler-Grid-Square\Scheduler-Grid-Square.jsx, JavaScript React, 0, 0, 0, 0, 0, 0, 0, 0, 0, 1, 1
c:\Users\gmont\Documents\seknd\src\components\Scheduler-Grid-Square\Scheduler-Grid-Square.scss, SCSS, 0, 0, 0, 0, 0, 0, 0, 0, 0, 1, 1
c:\Users\gmont\Documents\seknd\src\components\Scheduler-Grid-Square\index.js, JavaScript, 0, 0, 0, 0, 0, 0, 0, 0, 0, 1, 1
c:\Users\gmont\Documents\seknd\src\components\Scheduler-Grid\Scheduler-Grid.css, CSS, 0, 0, 0, 13, 0, 0, 0, 0, 1, 0, 14
c:\Users\gmont\Documents\seknd\src\components\Scheduler-Grid\Scheduler-Grid.jsx, JavaScript React, 0, 0, 0, 0, 0, 0, 0, 8, 0, 3, 11
c:\Users\gmont\Documents\seknd\src\components\Scheduler-Grid\Scheduler-Grid.scss, SCSS, 0, 0, 0, 0, 0, 12, 0, 0, 0, 1, 13
c:\Users\gmont\Documents\seknd\src\components\Scheduler-Grid\index.js, JavaScript, 0, 0, 1, 0, 0, 0, 0, 0, 0, 1, 2
c:\Users\gmont\Documents\seknd\src\components\Scheduler-Hours\Scheduler-Hours.css, CSS, 0, 0, 0, 1, 0, 0, 0, 0, 0, 0, 1
c:\Users\gmont\Documents\seknd\src\components\Scheduler-Hours\Scheduler-Hours.jsx, JavaScript React, 0, 0, 0, 0, 0, 0, 0, 0, 0, 1, 1
c:\Users\gmont\Documents\seknd\src\components\Scheduler-Hours\Scheduler-Hours.scss, SCSS, 0, 0, 0, 0, 0, 0, 0, 0, 0, 1, 1
c:\Users\gmont\Documents\seknd\src\components\Scheduler-Hours\index.js, JavaScript, 0, 0, 0, 0, 0, 0, 0, 0, 0, 1, 1
c:\Users\gmont\Documents\seknd\src\components\Scheduler-List\Scheduler-List.css, CSS, 0, 0, 0, 30, 0, 0, 0, 0, 1, 2, 33
c:\Users\gmont\Documents\seknd\src\components\Scheduler-List\Scheduler-List.jsx, JavaScript React, 0, 0, 0, 0, 0, 0, 0, 22, 0, 3, 25
c:\Users\gmont\Documents\seknd\src\components\Scheduler-List\Scheduler-List.scss, SCSS, 0, 0, 0, 0, 0, 25, 0, 0, 0, 3, 28
c:\Users\gmont\Documents\seknd\src\components\Scheduler-List\index.js, JavaScript, 0, 0, 1, 0, 0, 0, 0, 0, 0, 1, 2
c:\Users\gmont\Documents\seknd\src\components\Scheduler-NewInput\Scheduler-NewInput.css, CSS, 0, 0, 0, 1, 0, 0, 0, 0, 0, 0, 1
c:\Users\gmont\Documents\seknd\src\components\Scheduler-NewInput\Scheduler-NewInput.jsx, JavaScript React, 0, 0, 0, 0, 0, 0, 0, 0, 0, 1, 1
c:\Users\gmont\Documents\seknd\src\components\Scheduler-NewInput\Scheduler-NewInput.scss, SCSS, 0, 0, 0, 0, 0, 0, 0, 0, 0, 1, 1
c:\Users\gmont\Documents\seknd\src\components\Scheduler-NewInput\index.js, JavaScript, 0, 0, 0, 0, 0, 0, 0, 0, 0, 1, 1
c:\Users\gmont\Documents\seknd\src\components\Scheduler-Piece\Scheduler-Piece.css, CSS, 0, 0, 0, 1, 0, 0, 0, 0, 0, 0, 1
c:\Users\gmont\Documents\seknd\src\components\Scheduler-Piece\Scheduler-Piece.jsx, JavaScript React, 0, 0, 0, 0, 0, 0, 0, 0, 0, 1, 1
c:\Users\gmont\Documents\seknd\src\components\Scheduler-Piece\Scheduler-Piece.scss, SCSS, 0, 0, 0, 0, 0, 0, 0, 0, 0, 1, 1
c:\Users\gmont\Documents\seknd\src\components\Scheduler-Piece\index.js, JavaScript, 0, 0, 0, 0, 0, 0, 0, 0, 0, 1, 1
c:\Users\gmont\Documents\seknd\src\components\Scheduler\Scheduler.css, CSS, 0, 0, 0, 10, 0, 0, 0, 0, 1, 0, 11
c:\Users\gmont\Documents\seknd\src\components\Scheduler\Scheduler.jsx, JavaScript React, 0, 0, 0, 0, 0, 0, 0, 13, 0, 4, 17
c:\Users\gmont\Documents\seknd\src\components\Scheduler\Scheduler.scss, SCSS, 0, 0, 0, 0, 0, 10, 0, 0, 0, 1, 11
c:\Users\gmont\Documents\seknd\src\components\Scheduler\index.js, JavaScript, 0, 0, 1, 0, 0, 0, 0, 0, 0, 1, 2
c:\Users\gmont\Documents\seknd\src\components\Search-Box\Logic\displaySearchType.js, JavaScript, 0, 0, 32, 0, 0, 0, 0, 0, 0, 3, 35
c:\Users\gmont\Documents\seknd\src\components\Search-Box\Logic\handleSubmit.js, JavaScript, 0, 0, 36, 0, 0, 0, 0, 0, 0, 5, 41
c:\Users\gmont\Documents\seknd\src\components\Search-Box\Logic\index.js, JavaScript, 0, 0, 2, 0, 0, 0, 0, 0, 0, 1, 3
c:\Users\gmont\Documents\seknd\src\components\Search-Box\Search-Box-Parts\SearchSelector\SearchSelector.css, CSS, 0, 0, 0, 174, 0, 0, 0, 0, 1, 21, 196
c:\Users\gmont\Documents\seknd\src\components\Search-Box\Search-Box-Parts\SearchSelector\SearchSelector.js, JavaScript, 0, 0, 253, 0, 0, 0, 0, 0, 0, 16, 269
c:\Users\gmont\Documents\seknd\src\components\Search-Box\Search-Box-Parts\SearchSelector\SearchSelector.scss, SCSS, 0, 0, 0, 0, 0, 136, 0, 0, 272, 41, 449
c:\Users\gmont\Documents\seknd\src\components\Search-Box\Search-Box-Parts\SearchSelector\index.js, JavaScript, 0, 0, 1, 0, 0, 0, 0, 0, 0, 1, 2
c:\Users\gmont\Documents\seknd\src\components\Search-Box\Search-Box-Parts\WhenSelector\WhenSelector.css, CSS, 0, 0, 0, 40, 0, 0, 0, 0, 1, 4, 45
c:\Users\gmont\Documents\seknd\src\components\Search-Box\Search-Box-Parts\WhenSelector\WhenSelector.js, JavaScript, 0, 0, 122, 0, 0, 0, 0, 0, 0, 8, 130
c:\Users\gmont\Documents\seknd\src\components\Search-Box\Search-Box-Parts\WhenSelector\WhenSelector.scss, SCSS, 0, 0, 0, 0, 0, 34, 0, 0, 0, 1, 35
c:\Users\gmont\Documents\seknd\src\components\Search-Box\Search-Box-Parts\WhenSelector\index.js, JavaScript, 0, 0, 1, 0, 0, 0, 0, 0, 0, 1, 2
c:\Users\gmont\Documents\seknd\src\components\Search-Box\Search-Box-Parts\WhereSelector\WhereSelector.css, CSS, 0, 0, 0, 39, 0, 0, 0, 0, 1, 4, 44
c:\Users\gmont\Documents\seknd\src\components\Search-Box\Search-Box-Parts\WhereSelector\WhereSelector.js, JavaScript, 0, 0, 44, 0, 0, 0, 0, 0, 0, 4, 48
c:\Users\gmont\Documents\seknd\src\components\Search-Box\Search-Box-Parts\WhereSelector\WhereSelector.scss, SCSS, 0, 0, 0, 0, 0, 35, 0, 0, 0, 2, 37
c:\Users\gmont\Documents\seknd\src\components\Search-Box\Search-Box-Parts\WhereSelector\index.js, JavaScript, 0, 0, 1, 0, 0, 0, 0, 0, 0, 1, 2
c:\Users\gmont\Documents\seknd\src\components\Search-Box\Search-Box-Parts\index.js, JavaScript, 0, 0, 3, 0, 0, 0, 0, 0, 0, 1, 4
c:\Users\gmont\Documents\seknd\src\components\Search-Box\SearchBox.css, CSS, 0, 0, 0, 63, 0, 0, 0, 0, 1, 5, 69
c:\Users\gmont\Documents\seknd\src\components\Search-Box\SearchBox.jsx, JavaScript React, 0, 0, 0, 0, 0, 0, 0, 102, 0, 10, 112
c:\Users\gmont\Documents\seknd\src\components\Search-Box\SearchBox.scss, SCSS, 0, 0, 0, 0, 0, 54, 0, 0, 0, 4, 58
c:\Users\gmont\Documents\seknd\src\components\Search-Box\index.js, JavaScript, 0, 0, 1, 0, 0, 0, 0, 0, 0, 1, 2
c:\Users\gmont\Documents\seknd\src\components\Search-Result-Card\Logic\Logic.js, JavaScript, 0, 0, 3, 0, 0, 0, 0, 0, 0, 3, 6
c:\Users\gmont\Documents\seknd\src\components\Search-Result-Card\Logic\cardType.js, JavaScript, 0, 0, 100, 0, 0, 0, 0, 0, 0, 4, 104
c:\Users\gmont\Documents\seknd\src\components\Search-Result-Card\Logic\index.js, JavaScript, 0, 0, 1, 0, 0, 0, 0, 0, 0, 1, 2
c:\Users\gmont\Documents\seknd\src\components\Search-Result-Card\Parts\PartButton.js, JavaScript, 0, 0, 44, 0, 0, 0, 0, 0, 0, 7, 51
c:\Users\gmont\Documents\seknd\src\components\Search-Result-Card\Parts\Parts.js, JavaScript, 0, 0, 3, 0, 0, 0, 0, 0, 0, 3, 6
c:\Users\gmont\Documents\seknd\src\components\Search-Result-Card\Parts\index.js, JavaScript, 0, 0, 1, 0, 0, 0, 0, 0, 0, 1, 2
c:\Users\gmont\Documents\seknd\src\components\Search-Result-Card\SearchResultCard.css, CSS, 0, 0, 0, 57, 0, 0, 0, 0, 1, 6, 64
c:\Users\gmont\Documents\seknd\src\components\Search-Result-Card\SearchResultCard.jsx, JavaScript React, 0, 0, 0, 0, 0, 0, 0, 14, 0, 3, 17
c:\Users\gmont\Documents\seknd\src\components\Search-Result-Card\SearchResultCard.scss, SCSS, 0, 0, 0, 0, 0, 56, 0, 0, 0, 1, 57
c:\Users\gmont\Documents\seknd\src\components\Search-Result-Card\index.js, JavaScript, 0, 0, 1, 0, 0, 0, 0, 0, 0, 1, 2
c:\Users\gmont\Documents\seknd\src\components\Search-Results-Bar-Label\SearchResultsBarLabel.css, CSS, 0, 0, 0, 33, 0, 0, 0, 0, 1, 3, 37
c:\Users\gmont\Documents\seknd\src\components\Search-Results-Bar-Label\SearchResultsBarLabel.jsx, JavaScript React, 0, 0, 0, 0, 0, 0, 0, 28, 0, 7, 35
c:\Users\gmont\Documents\seknd\src\components\Search-Results-Bar-Label\SearchResultsBarLabel.scss, SCSS, 0, 0, 0, 0, 0, 31, 0, 0, 0, 4, 35
c:\Users\gmont\Documents\seknd\src\components\Search-Results-Bar-Label\index.js, JavaScript, 0, 0, 1, 0, 0, 0, 0, 0, 0, 1, 2
c:\Users\gmont\Documents\seknd\src\components\Search-Results-Bar\Logic\Logic.js, JavaScript, 0, 0, 4, 0, 0, 0, 0, 0, 0, 3, 7
c:\Users\gmont\Documents\seknd\src\components\Search-Results-Bar\Logic\index.js, JavaScript, 0, 0, 1, 0, 0, 0, 0, 0, 0, 1, 2
c:\Users\gmont\Documents\seknd\src\components\Search-Results-Bar\Logic\nextItems.js, JavaScript, 0, 0, 3, 0, 0, 0, 0, 0, 0, 3, 6
c:\Users\gmont\Documents\seknd\src\components\Search-Results-Bar\Logic\renderItems.js, JavaScript, 0, 0, 18, 0, 0, 0, 0, 0, 0, 3, 21
c:\Users\gmont\Documents\seknd\src\components\Search-Results-Bar\Logic\setType.js, JavaScript, 0, 0, 0, 0, 0, 0, 0, 0, 0, 1, 1
c:\Users\gmont\Documents\seknd\src\components\Search-Results-Bar\Parts\Parts.js, JavaScript, 0, 0, 3, 0, 0, 0, 0, 0, 0, 3, 6
c:\Users\gmont\Documents\seknd\src\components\Search-Results-Bar\Parts\index.js, JavaScript, 0, 0, 1, 0, 0, 0, 0, 0, 0, 1, 2
c:\Users\gmont\Documents\seknd\src\components\Search-Results-Bar\Parts\slideArrow.js, JavaScript, 0, 0, 24, 0, 0, 0, 0, 0, 19, 3, 46
c:\Users\gmont\Documents\seknd\src\components\Search-Results-Bar\SearchResultsBar.css, CSS, 0, 0, 0, 76, 0, 0, 0, 0, 1, 11, 88
c:\Users\gmont\Documents\seknd\src\components\Search-Results-Bar\SearchResultsBar.jsx, JavaScript React, 0, 0, 0, 0, 0, 0, 0, 46, 0, 10, 56
c:\Users\gmont\Documents\seknd\src\components\Search-Results-Bar\SearchResultsBar.scss, SCSS, 0, 0, 0, 0, 0, 65, 0, 0, 0, 5, 70
c:\Users\gmont\Documents\seknd\src\components\Search-Results-Bar\index.js, JavaScript, 0, 0, 1, 0, 0, 0, 0, 0, 0, 1, 2
c:\Users\gmont\Documents\seknd\src\components\Search-Results\Logic\defineSearchBars.js, JavaScript, 0, 0, 31, 0, 0, 0, 0, 0, 0, 3, 34
c:\Users\gmont\Documents\seknd\src\components\Search-Results\Logic\index.js, JavaScript, 0, 0, 1, 0, 0, 0, 0, 0, 0, 1, 2
c:\Users\gmont\Documents\seknd\src\components\Search-Results\SearchResults.css, CSS, 0, 0, 0, 9, 0, 0, 0, 0, 1, 0, 10
c:\Users\gmont\Documents\seknd\src\components\Search-Results\SearchResults.jsx, JavaScript React, 0, 0, 0, 0, 0, 0, 0, 19, 0, 4, 23
c:\Users\gmont\Documents\seknd\src\components\Search-Results\SearchResults.scss, SCSS, 0, 0, 0, 0, 0, 9, 0, 0, 0, 1, 10
c:\Users\gmont\Documents\seknd\src\components\Search-Results\index.js, JavaScript, 0, 0, 1, 0, 0, 0, 0, 0, 0, 1, 2
c:\Users\gmont\Documents\seknd\src\components\Search\Search.css, CSS, 0, 0, 0, 11, 0, 0, 0, 0, 1, 0, 12
c:\Users\gmont\Documents\seknd\src\components\Search\Search.jsx, JavaScript React, 0, 0, 0, 0, 0, 0, 0, 14, 0, 3, 17
c:\Users\gmont\Documents\seknd\src\components\Search\Search.scss, SCSS, 0, 0, 0, 0, 0, 11, 0, 0, 0, 2, 13
c:\Users\gmont\Documents\seknd\src\components\Search\index.js, JavaScript, 0, 0, 1, 0, 0, 0, 0, 0, 0, 1, 2
c:\Users\gmont\Documents\seknd\src\components\SignIn\SignIn.css, CSS, 0, 0, 0, 10, 0, 0, 0, 0, 1, 0, 11
c:\Users\gmont\Documents\seknd\src\components\SignIn\SignIn.jsx, JavaScript React, 0, 0, 0, 0, 0, 0, 0, 6, 0, 3, 9
c:\Users\gmont\Documents\seknd\src\components\SignIn\SignIn.scss, SCSS, 0, 0, 0, 0, 0, 10, 0, 0, 0, 1, 11
c:\Users\gmont\Documents\seknd\src\components\SignIn\index.js, JavaScript, 0, 0, 1, 0, 0, 0, 0, 0, 0, 1, 2
c:\Users\gmont\Documents\seknd\src\components\index.js, JavaScript, 0, 0, 8, 0, 0, 0, 0, 0, 0, 3, 11
c:\Users\gmont\Documents\seknd\src\index.js, JavaScript, 0, 0, 20, 0, 0, 0, 0, 0, 0, 3, 23
c:\Users\gmont\Documents\seknd\src\redux\actions\actions.js, JavaScript, 0, 0, 13, 0, 0, 0, 0, 0, 0, 3, 16
c:\Users\gmont\Documents\seknd\src\redux\actions\apiActions.js, JavaScript, 0, 0, 8, 0, 0, 0, 0, 0, 0, 3, 11
c:\Users\gmont\Documents\seknd\src\redux\actions\eventsActions.js, JavaScript, 0, 0, 12, 0, 0, 0, 0, 0, 0, 3, 15
c:\Users\gmont\Documents\seknd\src\redux\actions\index.js, JavaScript, 0, 0, 1, 0, 0, 0, 0, 0, 0, 1, 2
c:\Users\gmont\Documents\seknd\src\redux\actions\partsActions.js, JavaScript, 0, 0, 4, 0, 0, 0, 0, 0, 0, 2, 6
c:\Users\gmont\Documents\seknd\src\redux\actions\placesActions.js, JavaScript, 0, 0, 14, 0, 0, 0, 0, 0, 0, 3, 17
c:\Users\gmont\Documents\seknd\src\redux\actions\resultsActions.js, JavaScript, 0, 0, 7, 0, 0, 0, 0, 0, 0, 3, 10
c:\Users\gmont\Documents\seknd\src\redux\index.js, JavaScript, 0, 0, 2, 0, 0, 0, 0, 0, 0, 1, 3
c:\Users\gmont\Documents\seknd\src\redux\reducers\apiReducer.js, JavaScript, 0, 0, 13, 0, 0, 0, 0, 0, 0, 2, 15
c:\Users\gmont\Documents\seknd\src\redux\reducers\datePartsReducer.js, JavaScript, 0, 0, 13, 0, 0, 0, 0, 0, 0, 2, 15
c:\Users\gmont\Documents\seknd\src\redux\reducers\eventsReducerAPI.js, JavaScript, 0, 0, 48, 0, 0, 0, 0, 0, 0, 2, 50
c:\Users\gmont\Documents\seknd\src\redux\reducers\index.js, JavaScript, 0, 0, 14, 0, 0, 0, 0, 0, 0, 3, 17
c:\Users\gmont\Documents\seknd\src\redux\reducers\placesReducerAPI.js, JavaScript, 0, 0, 31, 0, 0, 0, 0, 0, 0, 3, 34
c:\Users\gmont\Documents\seknd\src\redux\reducers\resultsReducer.js, JavaScript, 0, 0, 13, 0, 0, 0, 0, 0, 0, 2, 15
c:\Users\gmont\Documents\seknd\src\server\api\index.js, JavaScript, 0, 0, 82, 0, 0, 0, 0, 0, 0, 10, 92
Total, -, 15996, 37, 2429, 950, 12, 805, 21, 528, 744, 656, 22178